{
    "loss": [
        0.13621512487903958
    ],
    "mean_absolute_error": [
        0.28804469534877647
    ],
    "acc": [
        0.8092783505154639
    ]
}