{
    "loss": [
        0.29866978122542304
    ],
    "mean_absolute_error": [
        0.4992376634029932
    ],
    "acc": [
        0.4838709677419355
    ]
}