{
    "val_loss": [
        0.12982942478828127,
        0.11463659613366942,
        0.13710645121525986,
        0.14932681854189808
    ],
    "val_acc": [
        0.9425287356321839,
        0.9720853858784894,
        0.9540229885057471,
        0.9392446633825944
    ],
    "loss": [
        0.22650454933846798,
        0.09691307702190445,
        0.053591535082835214,
        0.033523053017211105
    ],
    "acc": [
        0.9077788649706457,
        0.9642857142857143,
        0.9826320939334638,
        0.9889921722113503
    ]
}